date: Tue May 16 11:26:30 GMT+04:00 2023, info: Called SaveUser method, response: Success
date: Tue May 16 11:26:30 GMT+04:00 2023, info: Called SaveUser method, response: Success
date: Tue May 16 11:26:30 GMT+04:00 2023, info: Called SaveUser method, response: Success
date: Tue May 16 11:26:30 GMT+04:00 2023, info: Called GetUser method, response: Success
date: Tue May 16 11:26:30 GMT+04:00 2023, info: Called GetUser method, response: Success
date: Tue May 16 12:04:39 GMT+04:00 2023, info: Called SaveUser method, response: Success
date: Tue May 16 12:06:11 GMT+04:00 2023, info: Called SaveUser method, response: Success
date: Tue May 16 12:11:16 GMT+04:00 2023, info: Called SaveUser method, response: Success
date: Tue May 16 12:14:19 GMT+04:00 2023, info: Called SaveUser method, response: Success
date: Tue May 16 12:14:19 GMT+04:00 2023, info: Called SaveUser method, response: Success
date: Tue May 16 12:14:53 GMT+04:00 2023, info: Called SaveUser method, response: Success
date: Tue May 16 12:14:53 GMT+04:00 2023, info: Called SaveUser method, response: Success
date: Tue May 16 12:16:47 GMT+04:00 2023, info: Called SaveUser method, response: Success
date: Tue May 16 12:16:47 GMT+04:00 2023, info: Called SaveUser method, response: Success
date: Tue May 16 12:17:17 GMT+04:00 2023, info: Called SaveUser method, response: Success
date: Tue May 16 12:17:18 GMT+04:00 2023, info: Called SaveUser method, response: Success
date: Tue May 16 12:18:25 GMT+04:00 2023, info: Called SaveUser method, response: Success
date: Tue May 16 12:18:25 GMT+04:00 2023, info: Called SaveUser method, response: Success
date: Tue May 16 12:18:25 GMT+04:00 2023, info: Called SaveUser method, response: Success
date: Tue May 16 12:18:25 GMT+04:00 2023, info: Called GetUser method, response: Success
date: Tue May 16 12:18:25 GMT+04:00 2023, info: Called GetUser method, response: Success
date: Tue May 16 12:18:40 GMT+04:00 2023, info: Called SaveUser method, response: Success
date: Tue May 16 12:18:40 GMT+04:00 2023, info: Called SaveUser method, response: Success
date: Tue May 16 12:22:52 GMT+04:00 2023, info: Called SaveUser method, response: Success
date: Tue May 16 12:22:55 GMT+04:00 2023, info: Called SaveUser method, response: Success
date: Tue May 16 12:23:50 GMT+04:00 2023, info: Called SaveUser method, response: Success
date: Tue May 16 12:23:50 GMT+04:00 2023, info: Called SaveUser method, response: Success
date: Tue May 16 12:28:19 GMT+04:00 2023, info: Called SaveUser method, response: Success
date: Tue May 16 12:28:20 GMT+04:00 2023, info: Called SaveUser method, response: Success
date: Tue May 16 12:32:03 GMT+04:00 2023, info: Called SaveUser method, response: Success
date: Tue May 16 12:32:03 GMT+04:00 2023, info: Called SaveUser method, response: Success
date: Tue May 16 12:33:19 GMT+04:00 2023, info: Called SaveUser method, response: Success
date: Tue May 16 12:33:19 GMT+04:00 2023, info: Called SaveUser method, response: Success
date: Tue May 16 12:36:21 GMT+04:00 2023, info: Called SaveUser method, response: Success
date: Tue May 16 12:36:21 GMT+04:00 2023, info: Called SaveUser method, response: Success
date: Tue May 16 12:37:48 GMT+04:00 2023, info: Called SaveUser method, response: Success
date: Tue May 16 12:37:48 GMT+04:00 2023, info: Called SaveUser method, response: Success
date: Tue May 16 12:42:06 GMT+04:00 2023, info: Called SaveUser method, response: Error
date: Tue May 16 12:42:06 GMT+04:00 2023, info: Called SaveUser method, response: Error
date: Tue May 16 12:42:06 GMT+04:00 2023, info: Called SaveUser method, response: Success
date: Tue May 16 12:42:38 GMT+04:00 2023, info: Called SaveUser method, response: Error
date: Tue May 16 12:42:38 GMT+04:00 2023, info: Called SaveUser method, response: Error
date: Tue May 16 12:42:38 GMT+04:00 2023, info: Called SaveUser method, response: Success
date: Tue May 16 12:43:35 GMT+04:00 2023, info: Called SaveUser method, response: Error
date: Tue May 16 12:43:35 GMT+04:00 2023, info: Called SaveUser method, response: Error
date: Tue May 16 12:43:35 GMT+04:00 2023, info: Called SaveUser method, response: Success
date: Tue May 16 12:44:16 GMT+04:00 2023, info: Called SaveUser method, response: Error
date: Tue May 16 12:44:16 GMT+04:00 2023, info: Called SaveUser method, response: Error
date: Tue May 16 12:44:17 GMT+04:00 2023, info: Called SaveUser method, response: Success
date: Tue May 16 12:44:44 GMT+04:00 2023, info: Called SaveUser method, response: Error
date: Tue May 16 12:44:45 GMT+04:00 2023, info: Called SaveUser method, response: Error
date: Tue May 16 12:44:45 GMT+04:00 2023, info: Called SaveUser method, response: Success
date: Tue May 16 12:45:35 GMT+04:00 2023, info: Called SaveUser method, response: Error
date: Tue May 16 12:45:35 GMT+04:00 2023, info: Called SaveUser method, response: Success
date: Tue May 16 12:45:54 GMT+04:00 2023, info: Called SaveUser method, response: Error
date: Tue May 16 12:45:54 GMT+04:00 2023, info: Called SaveUser method, response: Success
date: Tue May 16 12:46:21 GMT+04:00 2023, info: Called SaveUser method, response: Success
date: Tue May 16 12:46:21 GMT+04:00 2023, info: Called SaveUser method, response: Success
date: Tue May 16 12:46:44 GMT+04:00 2023, info: Called SaveUser method, response: Error
date: Tue May 16 12:46:44 GMT+04:00 2023, info: Called SaveUser method, response: Success
date: Tue May 16 12:47:03 GMT+04:00 2023, info: Called SaveUser method, response: Error
date: Tue May 16 12:47:03 GMT+04:00 2023, info: Called SaveUser method, response: Success
date: Tue May 16 12:48:15 GMT+04:00 2023, info: Called SaveUser method, response: Error
date: Tue May 16 12:48:16 GMT+04:00 2023, info: Called SaveUser method, response: Success
date: Tue May 16 13:07:39 GMT+04:00 2023, info: Called SaveUser method, response: Error
date: Tue May 16 13:07:39 GMT+04:00 2023, info: Called SaveUser method, response: Success
date: Tue May 16 13:09:04 GMT+04:00 2023, info: Called SaveUser method, response: Error
date: Tue May 16 13:09:04 GMT+04:00 2023, info: Called SaveUser method, response: Success
date: Tue May 16 13:10:32 GMT+04:00 2023, info: Called SaveUser method, response: Error
date: Tue May 16 13:10:33 GMT+04:00 2023, info: Called SaveUser method, response: Error
date: Tue May 16 13:10:33 GMT+04:00 2023, info: Called SaveUser method, response: Error
date: Tue May 16 13:10:33 GMT+04:00 2023, info: Called SaveUser method, response: Success
date: Tue May 16 13:11:05 GMT+04:00 2023, info: Called SaveUser method, response: Success
date: Tue May 16 13:11:24 GMT+04:00 2023, info: Called SaveUser method, response: Error
date: Tue May 16 13:11:25 GMT+04:00 2023, info: Called SaveUser method, response: Success
date: Tue May 16 13:11:46 GMT+04:00 2023, info: Called SaveUser method, response: Error
date: Tue May 16 13:11:46 GMT+04:00 2023, info: Called SaveUser method, response: Success
date: Tue May 16 13:12:17 GMT+04:00 2023, info: Called SaveUser method, response: Error
date: Tue May 16 13:12:17 GMT+04:00 2023, info: Called SaveUser method, response: Success
date: Tue May 16 13:17:47 GMT+04:00 2023, info: Called SaveUser method, response: Error
date: Tue May 16 13:17:47 GMT+04:00 2023, info: Called SaveUser method, response: Success
date: Tue May 16 13:18:17 GMT+04:00 2023, info: Called SaveUser method, response: Error
date: Tue May 16 13:18:17 GMT+04:00 2023, info: Called SaveUser method, response: Success
date: Tue May 16 13:18:17 GMT+04:00 2023, info: Called GetUser method, response: Success
date: Tue May 16 13:19:44 GMT+04:00 2023, info: Called SaveUser method, response: Error
date: Tue May 16 13:19:44 GMT+04:00 2023, info: Called SaveUser method, response: Success
date: Tue May 16 13:19:45 GMT+04:00 2023, info: Called GetUser method, response: Success
date: Tue May 16 13:20:15 GMT+04:00 2023, info: Called SaveUser method, response: Error
date: Tue May 16 13:20:15 GMT+04:00 2023, info: Called SaveUser method, response: Success
date: Tue May 16 13:20:15 GMT+04:00 2023, info: Called GetUser method, response: Success
date: Tue May 16 13:20:50 GMT+04:00 2023, info: Called SaveUser method, response: Error
date: Tue May 16 13:20:50 GMT+04:00 2023, info: Called SaveUser method, response: Success
date: Tue May 16 13:20:50 GMT+04:00 2023, info: Called GetUser method, response: Success
date: Tue May 16 14:09:08 GMT+04:00 2023, info: Called SaveUser method, response: Error
date: Tue May 16 14:09:08 GMT+04:00 2023, info: Called SaveUser method, response: Success
date: Tue May 16 14:09:09 GMT+04:00 2023, info: Called GetUser method, response: Success
date: Tue May 16 14:09:09 GMT+04:00 2023, info: Called GetUser method, response: Error
date: Tue May 16 14:09:51 GMT+04:00 2023, info: Called SaveUser method, response: Error
date: Tue May 16 14:09:51 GMT+04:00 2023, info: Called SaveUser method, response: Success
date: Tue May 16 14:09:51 GMT+04:00 2023, info: Called GetUser method, response: Success
date: Tue May 16 14:09:51 GMT+04:00 2023, info: Called GetUser method, response: Success
date: Tue May 16 14:10:40 GMT+04:00 2023, info: Called SaveUser method, response: Error
date: Tue May 16 14:10:40 GMT+04:00 2023, info: Called SaveUser method, response: Success
date: Tue May 16 14:10:41 GMT+04:00 2023, info: Called GetUser method, response: Success
date: Tue May 16 14:10:41 GMT+04:00 2023, info: Called GetUser method, response: Error
date: Tue May 16 14:45:08 GMT+04:00 2023, info: Called SaveUser method, response: Success
date: Tue May 16 14:45:08 GMT+04:00 2023, info: Called SaveUser method, response: Success
date: Tue May 16 14:45:08 GMT+04:00 2023, info: Called SaveUser method, response: Success
date: Tue May 16 14:45:27 GMT+04:00 2023, info: Called SaveUser method, response: Error
date: Tue May 16 14:45:27 GMT+04:00 2023, info: Called SaveUser method, response: Success
date: Tue May 16 14:45:27 GMT+04:00 2023, info: Called GetUser method, response: Success
date: Tue May 16 14:45:27 GMT+04:00 2023, info: Called GetUser method, response: Error
